timestamp,time_bucket_5min,camera_ref,name,direction,direction_label,far_end_point,start_point,end_point,est_time_min
2026-10-09_02-23-56,2026-10-09_02-20-00,4703,AYE,2,to_singapore,CITY,TUAS CHECKPOINT,TUAS WEST RD,1
2026-10-09_02-23-56,2026-10-09_02-20-00,4712,AYE,2,to_singapore,CITY,TUAS CHECKPOINT,TUAS WEST RD,1
2026-10-09_02-23-56,2026-10-09_02-20-00,4713,AYE,2,to_singapore,CITY,TUAS CHECKPOINT,TUAS WEST RD,1
2026-10-09_02-23-56,2026-10-09_02-20-00,4703,AYE,1,to_malaysia,TUAS CHECKPOINT,LOWER DELTA RD,NORMANTON PARK,3
2026-10-09_02-23-56,2026-10-09_02-20-00,4712,AYE,1,to_malaysia,TUAS CHECKPOINT,LOWER DELTA RD,NORMANTON PARK,3
2026-10-09_02-23-56,2026-10-09_02-20-00,4713,AYE,1,to_malaysia,TUAS CHECKPOINT,LOWER DELTA RD,NORMANTON PARK,3
2026-10-09_02-23-56,2026-10-09_02-20-00,4703,AYE,1,to_malaysia,TUAS CHECKPOINT,NORMANTON PARK,NORTH BUONA VISTA RD,1
2026-10-09_02-23-56,2026-10-09_02-20-00,4712,AYE,1,to_malaysia,TUAS CHECKPOINT,NORMANTON PARK,NORTH BUONA VISTA RD,1
2026-10-09_02-23-56,2026-10-09_02-20-00,4713,AYE,1,to_malaysia,TUAS CHECKPOINT,NORMANTON PARK,NORTH BUONA VISTA RD,1
2026-10-09_02-23-56,2026-10-09_02-20-00,4703,AYE,1,to_malaysia,TUAS CHECKPOINT,NORTH BUONA VISTA RD,CLEMENTI RD,1
2026-10-09_02-23-56,2026-10-09_02-20-00,4712,AYE,1,to_malaysia,TUAS CHECKPOINT,NORTH BUONA VISTA RD,CLEMENTI RD,1
2026-10-09_02-23-56,2026-10-09_02-20-00,4713,AYE,1,to_malaysia,TUAS CHECKPOINT,NORTH BUONA VISTA RD,CLEMENTI RD,1
2026-10-09_02-23-56,2026-10-09_02-20-00,4703,AYE,1,to_malaysia,TUAS CHECKPOINT,CLEMENTI RD,WEST COAST RD,1
2026-10-09_02-23-56,2026-10-09_02-20-00,4712,AYE,1,to_malaysia,TUAS CHECKPOINT,CLEMENTI RD,WEST COAST RD,1
2026-10-09_02-23-56,2026-10-09_02-20-00,4713,AYE,1,to_malaysia,TUAS CHECKPOINT,CLEMENTI RD,WEST COAST RD,1
2026-10-09_02-23-56,2026-10-09_02-20-00,4703,AYE,1,to_malaysia,TUAS CHECKPOINT,WEST COAST RD,CLEMENTI AVE 6,1
2026-10-09_02-23-56,2026-10-09_02-20-00,4712,AYE,1,to_malaysia,TUAS CHECKPOINT,WEST COAST RD,CLEMENTI AVE 6,1
2026-10-09_02-23-56,2026-10-09_02-20-00,4713,AYE,1,to_malaysia,TUAS CHECKPOINT,WEST COAST RD,CLEMENTI AVE 6,1
2026-10-09_02-23-56,2026-10-09_02-20-00,4703,AYE,1,to_malaysia,TUAS CHECKPOINT,CLEMENTI AVE 6,JURONG TOWN HALL RD,2
2026-10-09_02-23-56,2026-10-09_02-20-00,4712,AYE,1,to_malaysia,TUAS CHECKPOINT,CLEMENTI AVE 6,JURONG TOWN HALL RD,2
2026-10-09_02-23-56,2026-10-09_02-20-00,4713,AYE,1,to_malaysia,TUAS CHECKPOINT,CLEMENTI AVE 6,JURONG TOWN HALL RD,2
2026-10-09_02-23-56,2026-10-09_02-20-00,4703,AYE,1,to_malaysia,TUAS CHECKPOINT,JURONG TOWN HALL RD,PENJURU RD,1
2026-10-09_02-23-56,2026-10-09_02-20-00,4712,AYE,1,to_malaysia,TUAS CHECKPOINT,JURONG TOWN HALL RD,PENJURU RD,1
2026-10-09_02-23-56,2026-10-09_02-20-00,4713,AYE,1,to_malaysia,TUAS CHECKPOINT,JURONG TOWN HALL RD,PENJURU RD,1
2026-10-09_02-23-56,2026-10-09_02-20-00,4703,AYE,1,to_malaysia,TUAS CHECKPOINT,PENJURU RD,JURONG PORT RD,1
2026-10-09_02-23-56,2026-10-09_02-20-00,4712,AYE,1,to_malaysia,TUAS CHECKPOINT,PENJURU RD,JURONG PORT RD,1
2026-10-09_02-23-56,2026-10-09_02-20-00,4713,AYE,1,to_malaysia,TUAS CHECKPOINT,PENJURU RD,JURONG PORT RD,1
2026-10-09_02-23-56,2026-10-09_02-20-00,4703,AYE,1,to_malaysia,TUAS CHECKPOINT,JURONG PORT RD,JURONG PIER RD,1
2026-10-09_02-23-56,2026-10-09_02-20-00,4712,AYE,1,to_malaysia,TUAS CHECKPOINT,JURONG PORT RD,JURONG PIER RD,1
2026-10-09_02-23-56,2026-10-09_02-20-00,4713,AYE,1,to_malaysia,TUAS CHECKPOINT,JURONG PORT RD,JURONG PIER RD,1
2026-10-09_02-23-56,2026-10-09_02-20-00,4703,AYE,1,to_malaysia,TUAS CHECKPOINT,JURONG PIER RD,PIONEER CIRCUS,2
2026-10-09_02-23-56,2026-10-09_02-20-00,4712,AYE,1,to_malaysia,TUAS CHECKPOINT,JURONG PIER RD,PIONEER CIRCUS,2
2026-10-09_02-23-56,2026-10-09_02-20-00,4713,AYE,1,to_malaysia,TUAS CHECKPOINT,JURONG PIER RD,PIONEER CIRCUS,2
2026-10-09_02-23-56,2026-10-09_02-20-00,4703,AYE,1,to_malaysia,TUAS CHECKPOINT,PIONEER CIRCUS,BENOI RD,2
2026-10-09_02-23-56,2026-10-09_02-20-00,4712,AYE,1,to_malaysia,TUAS CHECKPOINT,PIONEER CIRCUS,BENOI RD,2
2026-10-09_02-23-56,2026-10-09_02-20-00,4713,AYE,1,to_malaysia,TUAS CHECKPOINT,PIONEER CIRCUS,BENOI RD,2
2026-10-09_02-23-56,2026-10-09_02-20-00,4703,AYE,1,to_malaysia,TUAS CHECKPOINT,BENOI RD,AYE/PIE INTERCHANGE,2
2026-10-09_02-23-56,2026-10-09_02-20-00,4712,AYE,1,to_malaysia,TUAS CHECKPOINT,BENOI RD,AYE/PIE INTERCHANGE,2
2026-10-09_02-23-56,2026-10-09_02-20-00,4713,AYE,1,to_malaysia,TUAS CHECKPOINT,BENOI RD,AYE/PIE INTERCHANGE,2
2026-10-09_02-23-56,2026-10-09_02-20-00,4703,AYE,1,to_malaysia,TUAS CHECKPOINT,AYE/PIE INTERCHANGE,TUAS WEST RD,2
2026-10-09_02-23-56,2026-10-09_02-20-00,4712,AYE,1,to_malaysia,TUAS CHECKPOINT,AYE/PIE INTERCHANGE,TUAS WEST RD,2
2026-10-09_02-23-56,2026-10-09_02-20-00,4713,AYE,1,to_malaysia,TUAS CHECKPOINT,AYE/PIE INTERCHANGE,TUAS WEST RD,2
2026-10-09_02-23-56,2026-10-09_02-20-00,4703,AYE,1,to_malaysia,TUAS CHECKPOINT,TUAS WEST RD,TUAS WEST DRIVE,2
2026-10-09_02-23-56,2026-10-09_02-20-00,4712,AYE,1,to_malaysia,TUAS CHECKPOINT,TUAS WEST RD,TUAS WEST DRIVE,2
2026-10-09_02-23-56,2026-10-09_02-20-00,4713,AYE,1,to_malaysia,TUAS CHECKPOINT,TUAS WEST RD,TUAS WEST DRIVE,2
2026-10-09_02-23-56,2026-10-09_02-20-00,4703,AYE,1,to_malaysia,TUAS CHECKPOINT,TUAS WEST DRIVE,TUAS CHECKPOINT,1
2026-10-09_02-23-56,2026-10-09_02-20-00,4712,AYE,1,to_malaysia,TUAS CHECKPOINT,TUAS WEST DRIVE,TUAS CHECKPOINT,1
2026-10-09_02-23-56,2026-10-09_02-20-00,4713,AYE,1,to_malaysia,TUAS CHECKPOINT,TUAS WEST DRIVE,TUAS CHECKPOINT,1
2026-10-09_02-23-56,2026-10-09_02-20-00,4703,AYE,1,to_malaysia,TUAS CHECKPOINT,AYE/MCE INTERCHANGE,TELOK BLANGAH RD,2
2026-10-09_02-23-56,2026-10-09_02-20-00,4712,AYE,1,to_malaysia,TUAS CHECKPOINT,AYE/MCE INTERCHANGE,TELOK BLANGAH RD,2
2026-10-09_02-23-56,2026-10-09_02-20-00,4713,AYE,1,to_malaysia,TUAS CHECKPOINT,AYE/MCE INTERCHANGE,TELOK BLANGAH RD,2
2026-10-09_02-23-56,2026-10-09_02-20-00,4703,AYE,1,to_malaysia,TUAS CHECKPOINT,TELOK BLANGAH RD,LOWER DELTA RD,1
2026-10-09_02-23-56,2026-10-09_02-20-00,4712,AYE,1,to_malaysia,TUAS CHECKPOINT,TELOK BLANGAH RD,LOWER DELTA RD,1
2026-10-09_02-23-56,2026-10-09_02-20-00,4713,AYE,1,to_malaysia,TUAS CHECKPOINT,TELOK BLANGAH RD,LOWER DELTA RD,1
2026-10-09_02-26-23,2026-10-09_02-25-00,4703,AYE,2,to_singapore,CITY,TUAS CHECKPOINT,TUAS WEST RD,1
2026-10-09_02-26-23,2026-10-09_02-25-00,4712,AYE,2,to_singapore,CITY,TUAS CHECKPOINT,TUAS WEST RD,1
2026-10-09_02-26-23,2026-10-09_02-25-00,4713,AYE,2,to_singapore,CITY,TUAS CHECKPOINT,TUAS WEST RD,1
2026-10-09_02-26-23,2026-10-09_02-25-00,4703,AYE,1,to_malaysia,TUAS CHECKPOINT,LOWER DELTA RD,NORMANTON PARK,3
2026-10-09_02-26-23,2026-10-09_02-25-00,4712,AYE,1,to_malaysia,TUAS CHECKPOINT,LOWER DELTA RD,NORMANTON PARK,3
2026-10-09_02-26-23,2026-10-09_02-25-00,4713,AYE,1,to_malaysia,TUAS CHECKPOINT,LOWER DELTA RD,NORMANTON PARK,3
2026-10-09_02-26-23,2026-10-09_02-25-00,4703,AYE,1,to_malaysia,TUAS CHECKPOINT,NORMANTON PARK,NORTH BUONA VISTA RD,1
2026-10-09_02-26-23,2026-10-09_02-25-00,4712,AYE,1,to_malaysia,TUAS CHECKPOINT,NORMANTON PARK,NORTH BUONA VISTA RD,1
2026-10-09_02-26-23,2026-10-09_02-25-00,4713,AYE,1,to_malaysia,TUAS CHECKPOINT,NORMANTON PARK,NORTH BUONA VISTA RD,1
2026-10-09_02-26-23,2026-10-09_02-25-00,4703,AYE,1,to_malaysia,TUAS CHECKPOINT,NORTH BUONA VISTA RD,CLEMENTI RD,1
2026-10-09_02-26-23,2026-10-09_02-25-00,4712,AYE,1,to_malaysia,TUAS CHECKPOINT,NORTH BUONA VISTA RD,CLEMENTI RD,1
2026-10-09_02-26-23,2026-10-09_02-25-00,4713,AYE,1,to_malaysia,TUAS CHECKPOINT,NORTH BUONA VISTA RD,CLEMENTI RD,1
2026-10-09_02-26-23,2026-10-09_02-25-00,4703,AYE,1,to_malaysia,TUAS CHECKPOINT,CLEMENTI RD,WEST COAST RD,1
2026-10-09_02-26-23,2026-10-09_02-25-00,4712,AYE,1,to_malaysia,TUAS CHECKPOINT,CLEMENTI RD,WEST COAST RD,1
2026-10-09_02-26-23,2026-10-09_02-25-00,4713,AYE,1,to_malaysia,TUAS CHECKPOINT,CLEMENTI RD,WEST COAST RD,1
2026-10-09_02-26-23,2026-10-09_02-25-00,4703,AYE,1,to_malaysia,TUAS CHECKPOINT,WEST COAST RD,CLEMENTI AVE 6,1
2026-10-09_02-26-23,2026-10-09_02-25-00,4712,AYE,1,to_malaysia,TUAS CHECKPOINT,WEST COAST RD,CLEMENTI AVE 6,1
2026-10-09_02-26-23,2026-10-09_02-25-00,4713,AYE,1,to_malaysia,TUAS CHECKPOINT,WEST COAST RD,CLEMENTI AVE 6,1
2026-10-09_02-26-23,2026-10-09_02-25-00,4703,AYE,1,to_malaysia,TUAS CHECKPOINT,CLEMENTI AVE 6,JURONG TOWN HALL RD,2
2026-10-09_02-26-23,2026-10-09_02-25-00,4712,AYE,1,to_malaysia,TUAS CHECKPOINT,CLEMENTI AVE 6,JURONG TOWN HALL RD,2
2026-10-09_02-26-23,2026-10-09_02-25-00,4713,AYE,1,to_malaysia,TUAS CHECKPOINT,CLEMENTI AVE 6,JURONG TOWN HALL RD,2
2026-10-09_02-26-23,2026-10-09_02-25-00,4703,AYE,1,to_malaysia,TUAS CHECKPOINT,JURONG TOWN HALL RD,PENJURU RD,1
2026-10-09_02-26-23,2026-10-09_02-25-00,4712,AYE,1,to_malaysia,TUAS CHECKPOINT,JURONG TOWN HALL RD,PENJURU RD,1
2026-10-09_02-26-23,2026-10-09_02-25-00,4713,AYE,1,to_malaysia,TUAS CHECKPOINT,JURONG TOWN HALL RD,PENJURU RD,1
2026-10-09_02-26-23,2026-10-09_02-25-00,4703,AYE,1,to_malaysia,TUAS CHECKPOINT,PENJURU RD,JURONG PORT RD,1
2026-10-09_02-26-23,2026-10-09_02-25-00,4712,AYE,1,to_malaysia,TUAS CHECKPOINT,PENJURU RD,JURONG PORT RD,1
2026-10-09_02-26-23,2026-10-09_02-25-00,4713,AYE,1,to_malaysia,TUAS CHECKPOINT,PENJURU RD,JURONG PORT RD,1
2026-10-09_02-26-23,2026-10-09_02-25-00,4703,AYE,1,to_malaysia,TUAS CHECKPOINT,JURONG PORT RD,JURONG PIER RD,1
2026-10-09_02-26-23,2026-10-09_02-25-00,4712,AYE,1,to_malaysia,TUAS CHECKPOINT,JURONG PORT RD,JURONG PIER RD,1
2026-10-09_02-26-23,2026-10-09_02-25-00,4713,AYE,1,to_malaysia,TUAS CHECKPOINT,JURONG PORT RD,JURONG PIER RD,1
2026-10-09_02-26-23,2026-10-09_02-25-00,4703,AYE,1,to_malaysia,TUAS CHECKPOINT,JURONG PIER RD,PIONEER CIRCUS,2
2026-10-09_02-26-23,2026-10-09_02-25-00,4712,AYE,1,to_malaysia,TUAS CHECKPOINT,JURONG PIER RD,PIONEER CIRCUS,2
2026-10-09_02-26-23,2026-10-09_02-25-00,4713,AYE,1,to_malaysia,TUAS CHECKPOINT,JURONG PIER RD,PIONEER CIRCUS,2
2026-10-09_02-26-23,2026-10-09_02-25-00,4703,AYE,1,to_malaysia,TUAS CHECKPOINT,PIONEER CIRCUS,BENOI RD,2
2026-10-09_02-26-23,2026-10-09_02-25-00,4712,AYE,1,to_malaysia,TUAS CHECKPOINT,PIONEER CIRCUS,BENOI RD,2
2026-10-09_02-26-23,2026-10-09_02-25-00,4713,AYE,1,to_malaysia,TUAS CHECKPOINT,PIONEER CIRCUS,BENOI RD,2
2026-10-09_02-26-23,2026-10-09_02-25-00,4703,AYE,1,to_malaysia,TUAS CHECKPOINT,BENOI RD,AYE/PIE INTERCHANGE,2
2026-10-09_02-26-23,2026-10-09_02-25-00,4712,AYE,1,to_malaysia,TUAS CHECKPOINT,BENOI RD,AYE/PIE INTERCHANGE,2
2026-10-09_02-26-23,2026-10-09_02-25-00,4713,AYE,1,to_malaysia,TUAS CHECKPOINT,BENOI RD,AYE/PIE INTERCHANGE,2
2026-10-09_02-26-23,2026-10-09_02-25-00,4703,AYE,1,to_malaysia,TUAS CHECKPOINT,AYE/PIE INTERCHANGE,TUAS WEST RD,2
2026-10-09_02-26-23,2026-10-09_02-25-00,4712,AYE,1,to_malaysia,TUAS CHECKPOINT,AYE/PIE INTERCHANGE,TUAS WEST RD,2
2026-10-09_02-26-23,2026-10-09_02-25-00,4713,AYE,1,to_malaysia,TUAS CHECKPOINT,AYE/PIE INTERCHANGE,TUAS WEST RD,2
2026-10-09_02-26-23,2026-10-09_02-25-00,4703,AYE,1,to_malaysia,TUAS CHECKPOINT,TUAS WEST RD,TUAS WEST DRIVE,2
2026-10-09_02-26-23,2026-10-09_02-25-00,4712,AYE,1,to_malaysia,TUAS CHECKPOINT,TUAS WEST RD,TUAS WEST DRIVE,2
2026-10-09_02-26-23,2026-10-09_02-25-00,4713,AYE,1,to_malaysia,TUAS CHECKPOINT,TUAS WEST RD,TUAS WEST DRIVE,2
2026-10-09_02-26-23,2026-10-09_02-25-00,4703,AYE,1,to_malaysia,TUAS CHECKPOINT,TUAS WEST DRIVE,TUAS CHECKPOINT,1
2026-10-09_02-26-23,2026-10-09_02-25-00,4712,AYE,1,to_malaysia,TUAS CHECKPOINT,TUAS WEST DRIVE,TUAS CHECKPOINT,1
2026-10-09_02-26-23,2026-10-09_02-25-00,4713,AYE,1,to_malaysia,TUAS CHECKPOINT,TUAS WEST DRIVE,TUAS CHECKPOINT,1
2026-10-09_02-26-23,2026-10-09_02-25-00,4703,AYE,1,to_malaysia,TUAS CHECKPOINT,AYE/MCE INTERCHANGE,TELOK BLANGAH RD,2
2026-10-09_02-26-23,2026-10-09_02-25-00,4712,AYE,1,to_malaysia,TUAS CHECKPOINT,AYE/MCE INTERCHANGE,TELOK BLANGAH RD,2
2026-10-09_02-26-23,2026-10-09_02-25-00,4713,AYE,1,to_malaysia,TUAS CHECKPOINT,AYE/MCE INTERCHANGE,TELOK BLANGAH RD,2
2026-10-09_02-26-23,2026-10-09_02-25-00,4703,AYE,1,to_malaysia,TUAS CHECKPOINT,TELOK BLANGAH RD,LOWER DELTA RD,1
2026-10-09_02-26-23,2026-10-09_02-25-00,4712,AYE,1,to_malaysia,TUAS CHECKPOINT,TELOK BLANGAH RD,LOWER DELTA RD,1
2026-10-09_02-26-23,2026-10-09_02-25-00,4713,AYE,1,to_malaysia,TUAS CHECKPOINT,TELOK BLANGAH RD,LOWER DELTA RD,1
2026-10-09_02-28-42,2026-10-09_02-25-00,4703,AYE,2,to_singapore,CITY,TUAS CHECKPOINT,TUAS WEST RD,1
2026-10-09_02-28-42,2026-10-09_02-25-00,4712,AYE,2,to_singapore,CITY,TUAS CHECKPOINT,TUAS WEST RD,1
2026-10-09_02-28-42,2026-10-09_02-25-00,4713,AYE,2,to_singapore,CITY,TUAS CHECKPOINT,TUAS WEST RD,1
2026-10-09_02-28-42,2026-10-09_02-25-00,4703,AYE,1,to_malaysia,TUAS CHECKPOINT,LOWER DELTA RD,NORMANTON PARK,3
2026-10-09_02-28-42,2026-10-09_02-25-00,4712,AYE,1,to_malaysia,TUAS CHECKPOINT,LOWER DELTA RD,NORMANTON PARK,3
2026-10-09_02-28-42,2026-10-09_02-25-00,4713,AYE,1,to_malaysia,TUAS CHECKPOINT,LOWER DELTA RD,NORMANTON PARK,3
2026-10-09_02-28-42,2026-10-09_02-25-00,4703,AYE,1,to_malaysia,TUAS CHECKPOINT,NORMANTON PARK,NORTH BUONA VISTA RD,1
2026-10-09_02-28-42,2026-10-09_02-25-00,4712,AYE,1,to_malaysia,TUAS CHECKPOINT,NORMANTON PARK,NORTH BUONA VISTA RD,1
2026-10-09_02-28-42,2026-10-09_02-25-00,4713,AYE,1,to_malaysia,TUAS CHECKPOINT,NORMANTON PARK,NORTH BUONA VISTA RD,1
2026-10-09_02-28-42,2026-10-09_02-25-00,4703,AYE,1,to_malaysia,TUAS CHECKPOINT,NORTH BUONA VISTA RD,CLEMENTI RD,1
2026-10-09_02-28-42,2026-10-09_02-25-00,4712,AYE,1,to_malaysia,TUAS CHECKPOINT,NORTH BUONA VISTA RD,CLEMENTI RD,1
2026-10-09_02-28-42,2026-10-09_02-25-00,4713,AYE,1,to_malaysia,TUAS CHECKPOINT,NORTH BUONA VISTA RD,CLEMENTI RD,1
2026-10-09_02-28-42,2026-10-09_02-25-00,4703,AYE,1,to_malaysia,TUAS CHECKPOINT,CLEMENTI RD,WEST COAST RD,1
2026-10-09_02-28-42,2026-10-09_02-25-00,4712,AYE,1,to_malaysia,TUAS CHECKPOINT,CLEMENTI RD,WEST COAST RD,1
2026-10-09_02-28-42,2026-10-09_02-25-00,4713,AYE,1,to_malaysia,TUAS CHECKPOINT,CLEMENTI RD,WEST COAST RD,1
2026-10-09_02-28-42,2026-10-09_02-25-00,4703,AYE,1,to_malaysia,TUAS CHECKPOINT,WEST COAST RD,CLEMENTI AVE 6,1
2026-10-09_02-28-42,2026-10-09_02-25-00,4712,AYE,1,to_malaysia,TUAS CHECKPOINT,WEST COAST RD,CLEMENTI AVE 6,1
2026-10-09_02-28-42,2026-10-09_02-25-00,4713,AYE,1,to_malaysia,TUAS CHECKPOINT,WEST COAST RD,CLEMENTI AVE 6,1
2026-10-09_02-28-42,2026-10-09_02-25-00,4703,AYE,1,to_malaysia,TUAS CHECKPOINT,CLEMENTI AVE 6,JURONG TOWN HALL RD,2
2026-10-09_02-28-42,2026-10-09_02-25-00,4712,AYE,1,to_malaysia,TUAS CHECKPOINT,CLEMENTI AVE 6,JURONG TOWN HALL RD,2
2026-10-09_02-28-42,2026-10-09_02-25-00,4713,AYE,1,to_malaysia,TUAS CHECKPOINT,CLEMENTI AVE 6,JURONG TOWN HALL RD,2
2026-10-09_02-28-42,2026-10-09_02-25-00,4703,AYE,1,to_malaysia,TUAS CHECKPOINT,JURONG TOWN HALL RD,PENJURU RD,1
2026-10-09_02-28-42,2026-10-09_02-25-00,4712,AYE,1,to_malaysia,TUAS CHECKPOINT,JURONG TOWN HALL RD,PENJURU RD,1
2026-10-09_02-28-42,2026-10-09_02-25-00,4713,AYE,1,to_malaysia,TUAS CHECKPOINT,JURONG TOWN HALL RD,PENJURU RD,1
2026-10-09_02-28-42,2026-10-09_02-25-00,4703,AYE,1,to_malaysia,TUAS CHECKPOINT,PENJURU RD,JURONG PORT RD,2
2026-10-09_02-28-42,2026-10-09_02-25-00,4712,AYE,1,to_malaysia,TUAS CHECKPOINT,PENJURU RD,JURONG PORT RD,2
2026-10-09_02-28-42,2026-10-09_02-25-00,4713,AYE,1,to_malaysia,TUAS CHECKPOINT,PENJURU RD,JURONG PORT RD,2
2026-10-09_02-28-42,2026-10-09_02-25-00,4703,AYE,1,to_malaysia,TUAS CHECKPOINT,JURONG PORT RD,JURONG PIER RD,1
2026-10-09_02-28-42,2026-10-09_02-25-00,4712,AYE,1,to_malaysia,TUAS CHECKPOINT,JURONG PORT RD,JURONG PIER RD,1
2026-10-09_02-28-42,2026-10-09_02-25-00,4713,AYE,1,to_malaysia,TUAS CHECKPOINT,JURONG PORT RD,JURONG PIER RD,1
2026-10-09_02-28-42,2026-10-09_02-25-00,4703,AYE,1,to_malaysia,TUAS CHECKPOINT,JURONG PIER RD,PIONEER CIRCUS,2
2026-10-09_02-28-42,2026-10-09_02-25-00,4712,AYE,1,to_malaysia,TUAS CHECKPOINT,JURONG PIER RD,PIONEER CIRCUS,2
2026-10-09_02-28-42,2026-10-09_02-25-00,4713,AYE,1,to_malaysia,TUAS CHECKPOINT,JURONG PIER RD,PIONEER CIRCUS,2
2026-10-09_02-28-42,2026-10-09_02-25-00,4703,AYE,1,to_malaysia,TUAS CHECKPOINT,PIONEER CIRCUS,BENOI RD,2
2026-10-09_02-28-42,2026-10-09_02-25-00,4712,AYE,1,to_malaysia,TUAS CHECKPOINT,PIONEER CIRCUS,BENOI RD,2
2026-10-09_02-28-42,2026-10-09_02-25-00,4713,AYE,1,to_malaysia,TUAS CHECKPOINT,PIONEER CIRCUS,BENOI RD,2
2026-10-09_02-28-42,2026-10-09_02-25-00,4703,AYE,1,to_malaysia,TUAS CHECKPOINT,BENOI RD,AYE/PIE INTERCHANGE,2
2026-10-09_02-28-42,2026-10-09_02-25-00,4712,AYE,1,to_malaysia,TUAS CHECKPOINT,BENOI RD,AYE/PIE INTERCHANGE,2
2026-10-09_02-28-42,2026-10-09_02-25-00,4713,AYE,1,to_malaysia,TUAS CHECKPOINT,BENOI RD,AYE/PIE INTERCHANGE,2
2026-10-09_02-28-42,2026-10-09_02-25-00,4703,AYE,1,to_malaysia,TUAS CHECKPOINT,AYE/PIE INTERCHANGE,TUAS WEST RD,2
2026-10-09_02-28-42,2026-10-09_02-25-00,4712,AYE,1,to_malaysia,TUAS CHECKPOINT,AYE/PIE INTERCHANGE,TUAS WEST RD,2
2026-10-09_02-28-42,2026-10-09_02-25-00,4713,AYE,1,to_malaysia,TUAS CHECKPOINT,AYE/PIE INTERCHANGE,TUAS WEST RD,2
2026-10-09_02-28-42,2026-10-09_02-25-00,4703,AYE,1,to_malaysia,TUAS CHECKPOINT,TUAS WEST RD,TUAS WEST DRIVE,2
2026-10-09_02-28-42,2026-10-09_02-25-00,4712,AYE,1,to_malaysia,TUAS CHECKPOINT,TUAS WEST RD,TUAS WEST DRIVE,2
2026-10-09_02-28-42,2026-10-09_02-25-00,4713,AYE,1,to_malaysia,TUAS CHECKPOINT,TUAS WEST RD,TUAS WEST DRIVE,2
2026-10-09_02-28-42,2026-10-09_02-25-00,4703,AYE,1,to_malaysia,TUAS CHECKPOINT,TUAS WEST DRIVE,TUAS CHECKPOINT,1
2026-10-09_02-28-42,2026-10-09_02-25-00,4712,AYE,1,to_malaysia,TUAS CHECKPOINT,TUAS WEST DRIVE,TUAS CHECKPOINT,1
2026-10-09_02-28-42,2026-10-09_02-25-00,4713,AYE,1,to_malaysia,TUAS CHECKPOINT,TUAS WEST DRIVE,TUAS CHECKPOINT,1
2026-10-09_02-28-42,2026-10-09_02-25-00,4703,AYE,1,to_malaysia,TUAS CHECKPOINT,AYE/MCE INTERCHANGE,TELOK BLANGAH RD,2
2026-10-09_02-28-42,2026-10-09_02-25-00,4712,AYE,1,to_malaysia,TUAS CHECKPOINT,AYE/MCE INTERCHANGE,TELOK BLANGAH RD,2
2026-10-09_02-28-42,2026-10-09_02-25-00,4713,AYE,1,to_malaysia,TUAS CHECKPOINT,AYE/MCE INTERCHANGE,TELOK BLANGAH RD,2
2026-10-09_02-28-42,2026-10-09_02-25-00,4703,AYE,1,to_malaysia,TUAS CHECKPOINT,TELOK BLANGAH RD,LOWER DELTA RD,1
2026-10-09_02-28-42,2026-10-09_02-25-00,4712,AYE,1,to_malaysia,TUAS CHECKPOINT,TELOK BLANGAH RD,LOWER DELTA RD,1
2026-10-09_02-28-42,2026-10-09_02-25-00,4713,AYE,1,to_malaysia,TUAS CHECKPOINT,TELOK BLANGAH RD,LOWER DELTA RD,1
